{
    "tecnico": [
        {
        "id": "1", 
        "name": "João", 
        "author": "joao.joaoxample@telefonica.com"
      },

        {
        "id": "2", 
        "name": "Ricardo",
        "author": "Ricardo.Ricardo@example@telefonica.com"
      },
        { 
        "id": "3", 
        "name": "Pedro",
        "author": "Pedro.Pedro@telefonica.com>"
      },
        { 
        "id": "4", 
        "name": "Bruno",
        "author": "Bruno.Bruno@telefonica.com>"
      },
        { 
        "id": "5", 
        "name": "Adson",
        "author": "Adson.Adson@telefonica.com>"
      },
        { 
       "id": "6", 
       "name": "Marcos",
       "author": "marcos.marcos@telefonica.com>"
      }
      ],
      
      "tabelahabilidades": [
        { 
        "id": "1",
        "text": "Conectividade"
       },
        { 
        "id": "2",
        "text": "Casa Inteligente"
       },
        {
         "id": "3",
         "text": "Áudio/Video"
        },
        { 
         "id": "4", 
         "text": "Metálico"
        },
        { 
         "id": "5",
         "text": "PABX" 
        },
        { 
         "id": "6",
         "text": "Elétrica" 
        }
      ]
     
}

