{
    "recompensas": [
    {
        "id": "01",
        "recompensa 1": "consultoria excel",
        "nível": "10",
        "preço": 100
    },

    {   
        "id": "02",
        "recompensa 2": "consultoria Casa Inteligente",
        "nível": "10",
        "preço": 100
    },

    {  
         "id": "03",
        "recompensa 3": "consultoria audio/video",
        "nível": "20",
        "preço": 750 
    },
    
    {  
         "id": "04",
        "recompensa 4": "Consultoria Power Poitn",
        "nível": "25",
        "preço": 800 
    },

    {  
         "id": "05",
        "recompensa 5": "Palestra Gestão",
        "nível": "30",
        "preço": 900 
    },

    {   
        "id": "06",
        "recompensa 5": "Quick Massage",
        "nível": "40",
        "preço": 1000 
    },

    {   
        "id": "07",
        "recompensa 5": "Sala Gaming",
        "nível": "50",
        "preço": 1000 
}
 ]
}