{
    "tecnico": [
        {
        "id": "1", 
        "name": "João", 
        "nível": "30",
        "author": "joao.joao@telefonica.com"
      },

        {
        "id": "2", 
        "name": "Ricardo",
        "nível": "30",
        "author": "ricardo.ricardo@telefonica.com"
      },
        { 
        "id": "3", 
        "name": "Pedro",
        "nível": "30",
        "author": "pedro.pedro@telefonica.com>"
      },
        { 
        "id": "4", 
        "name": "Bruno",
        "nível": "30",
        "author": "bruno.bruno@telefonica.com>"
      },
        { 
        "id": "5", 
        "name": "Adson",
        "nível": "30",
        "author": "adson.adson@telefonica.com>"
      },
        { 
       "id": "6", 
       "name": "Marcos",
       "nível": "30",
       "author": "marcos.marcos@telefonica.com>"
      }
      ]
     
}

